id;code_ps;profil;telephone;created_at;url_photo;profession;experience;nom_de_letablissement;telephone_de_letablissement;adresse_de_letablissement;lien_google_maps_de_letablissement
1;invoice Baby;ASSURE;1-761-142-9573;2020-10-13T17:07:21;bypassing overriding;Plastic communities;16;Fresh;Sudanese Pound Tasty;Metal front-end;Texas Keys invoiceXXXXXXXXXXXXXXXXXXXXXXXXXXXXXXXXXXXXXXXXXXXXXXXXXXXXXXXXXXXXXXXXXXXXXXXXXXXXXXXXXX
2;deposit matrix Distr;PS;070-396-5577;2020-10-13T11:02:10;Ireland;Forward synthesize;23;Pants e-business;Investment Account Auto Loan Account;Ergonomic Cotton Table;Handcrafted program sensorXXXXXXXXXXXXXXXXXXXXXXXXXXXXXXXXXXXXXXXXXXXXXXXXXXXXXXXXXXXXXXXXXXXXXXXXXX
3;ivory Borders Sports;ASSUREUR;481.922.3428;2020-10-13T05:19:01;Human Optimization;Hawaii violet;11;Pound Sterling Estate;indexing Borders Lempira;throughput;calculate Concrete invoiceXXXXXXXXXXXXXXXXXXXXXXXXXXXXXXXXXXXXXXXXXXXXXXXXXXXXXXXXXXXXXXXXXXXXXXXXXX
4;Key Credit Card Acco;PS;1-477-776-4528;2020-10-13T07:52:42;Fantastic Plastic Pants;Zimbabwe bluetooth Persevering;20;Integration vortals Progressive;Buckinghamshire overriding cross-platform;Canyon Optimization;AwesomeXXXXXXXXXXXXXXXXXXXXXXXXXXXXXXXXXXXXXXXXXXXXXXXXXXXXXXXXXXXXXXXXXXXXXXXXXXXXXXXXXXXXXXXXXXXXX
5;bypassing Research;ASSUREUR;802-195-2592 x93021;2020-10-13T09:37:39;Games interface Cotton;Hat override tan;7;quantify;web-readiness Open-source;Savings Account;Upgradable ResearchXXXXXXXXXXXXXXXXXXXXXXXXXXXXXXXXXXXXXXXXXXXXXXXXXXXXXXXXXXXXXXXXXXXXXXXXXXXXXXXXX
6;world-class Nevada;ASSUREUR;312.730.1699 x3443;2020-10-13T17:38:23;Synchronised SAS;Guyana Islands;23;Fundamental;salmon Money Market Account Assurance;Home 4th generation incremental;magenta non-volatileXXXXXXXXXXXXXXXXXXXXXXXXXXXXXXXXXXXXXXXXXXXXXXXXXXXXXXXXXXXXXXXXXXXXXXXXXXXXXXXX
7;redefine Small Plast;ASSURE;055.061.6709;2020-10-13T15:27:27;Palau;data-warehouse Rubber;4;Mission Industrial withdrawal;Cheese SMTP Engineer;Associate artificial intelligence;usersXXXXXXXXXXXXXXXXXXXXXXXXXXXXXXXXXXXXXXXXXXXXXXXXXXXXXXXXXXXXXXXXXXXXXXXXXXXXXXXXXXXXXXXXXXXXXXX
8;Handmade Small;PS;(848) 693-0138;2020-10-13T08:31:43;Agent lavender District;card mint green;2;innovate Officer Euro;leading-edge withdrawal Designer;e-markets support;Ramp paymentXXXXXXXXXXXXXXXXXXXXXXXXXXXXXXXXXXXXXXXXXXXXXXXXXXXXXXXXXXXXXXXXXXXXXXXXXXXXXXXXXXXXXXXX
9;strategic flexibilit;ASSUREUR;416.477.3295 x9981;2020-10-14T01:08:39;Checking Account Idaho;Steel Refined;23;optical;program transmit Digitized;back-end transmit;Credit Card Account Rwanda FrancXXXXXXXXXXXXXXXXXXXXXXXXXXXXXXXXXXXXXXXXXXXXXXXXXXXXXXXXXXXXXXXXXXXX
10;Pants 3rd generation;PS;1-519-341-7724 x62237;2020-10-13T20:38:31;Chair quantify;exuding Avon Principal;1;Surinam Dollar installation yellow;Savings Account Tasty Cotton Keyboard Function-based;programming Cotton;intermediate De-engineered hackXXXXXXXXXXXXXXXXXXXXXXXXXXXXXXXXXXXXXXXXXXXXXXXXXXXXXXXXXXXXXXXXXXXXX
